{"credit":"Made with Blockbench","texture_size":[48,48],"textures":{"0":"./stack_of_cards","1":"./card","particle":"./stack_of_cards"},"elements":[{"from":[17,-12,10],"to":[18,-2,11],"rotation":{"angle":45,"axis":"z","origin":[0,0,0]},"faces":{"north":{"uv":[1.33333,0,10,0.66667],"rotation":270,"texture":"#0"},"east":{"uv":[3,15.33333,10,16],"rotation":90,"texture":"#0"},"south":{"uv":[3,15.66667,10,16],"rotation":90,"texture":"#0"},"west":{"uv":[2.33333,0,5.66667,0.66667],"rotation":90,"texture":"#0"},"up":{"uv":[8,0.33333,8.66667,0.66667],"rotation":90,"texture":"#0"},"down":{"uv":[2,0,2.66667,0.33333],"rotation":90,"texture":"#0"}}},{"from":[1,-12,10],"to":[17,-2,11],"rotation":{"angle":45,"axis":"z","origin":[0,0,0]},"faces":{"north":{"uv":[1.33333,0.66667,10,15.33333],"rotation":270,"texture":"#0"},"east":{"uv":[0.66667,14.66667,1.33333,15.33333],"rotation":90,"texture":"#0"},"south":{"uv":[10,0.66667,1.33333,15.33333],"rotation":90,"texture":"#1"},"west":{"uv":[0.66667,14.66667,1.33333,15.33333],"rotation":90,"texture":"#0"},"up":{"uv":[0.66667,14.66667,1.33333,15.33333],"rotation":90,"texture":"#0"},"down":{"uv":[0.66667,14.66667,1.33333,15.33333],"rotation":90,"texture":"#0"}}},{"from":[0,-12,10],"to":[1,-2,11],"rotation":{"angle":45,"axis":"z","origin":[0,0,0]},"faces":{"north":{"uv":[1.33333,15.66667,10,16],"rotation":270,"texture":"#0"},"east":{"uv":[1.66667,0,5,0.66667],"rotation":90,"texture":"#0"},"south":{"uv":[1.33333,0,10,0.66667],"rotation":90,"texture":"#0"},"west":{"uv":[1.33333,0,10,0.66667],"rotation":90,"texture":"#0"},"up":{"uv":[0.66667,1,1.33333,1.33333],"rotation":90,"texture":"#0"},"down":{"uv":[0.66667,3.33333,1.33333,3.66667],"rotation":90,"texture":"#0"}}},{"from":[1,-2,10],"to":[17,-1,11],"rotation":{"angle":45,"axis":"z","origin":[0,0,0]},"faces":{"north":{"uv":[10,0.66667,10.66667,15.33333],"rotation":270,"texture":"#0"},"east":{"uv":[1,4.33333,1.33333,5],"rotation":90,"texture":"#0"},"south":{"uv":[10,0.66667,10.33333,15.33333],"rotation":90,"texture":"#0"},"west":{"uv":[10.33333,14.66667,10.66667,15.33333],"rotation":90,"texture":"#0"},"up":{"uv":[10,0.66667,10.66667,15.33333],"rotation":90,"texture":"#0"},"down":{"uv":[0.66667,3.33333,1.33333,8.66667],"rotation":90,"texture":"#0"}}},{"from":[1,-13,10],"to":[17,-12,11],"rotation":{"angle":45,"axis":"z","origin":[0,0,0]},"faces":{"north":{"uv":[1,0.66667,1.33333,15.33333],"rotation":270,"texture":"#0"},"east":{"uv":[0.66667,1,1,1.66667],"rotation":90,"texture":"#0"},"south":{"uv":[1,0.66667,1.33333,15.33333],"rotation":90,"texture":"#0"},"west":{"uv":[1,14.33333,1.33333,15],"rotation":90,"texture":"#0"},"up":{"uv":[0.66667,3.66667,1.33333,9],"rotation":90,"texture":"#0"},"down":{"uv":[0.66667,0.66667,1.33333,15.33333],"rotation":90,"texture":"#0"}}},{"from":[2,17,9],"to":[12,18,10],"rotation":{"angle":-22.5,"axis":"z","origin":[0,0,0]},"faces":{"north":{"uv":[1.33333,0,10,0.66667],"texture":"#0"},"east":{"uv":[2,0,2.66667,0.33333],"texture":"#0"},"south":{"uv":[3,15.66667,10,16],"texture":"#0"},"west":{"uv":[8,0.33333,8.66667,0.66667],"texture":"#0"},"up":{"uv":[3,15.33333,10,16],"texture":"#0"},"down":{"uv":[2.33333,0,5.66667,0.66667],"texture":"#0"}}},{"from":[2,1,9],"to":[12,17,10],"rotation":{"angle":-22.5,"axis":"z","origin":[0,0,0]},"faces":{"north":{"uv":[1.33333,0.66667,10,15.33333],"texture":"#0"},"east":{"uv":[0.66667,14.66667,1.33333,15.33333],"texture":"#0"},"south":{"uv":[10,0.66667,1.33333,15.33333],"texture":"#1"},"west":{"uv":[0.66667,14.66667,1.33333,15.33333],"texture":"#0"},"up":{"uv":[0.66667,14.66667,1.33333,15.33333],"texture":"#0"},"down":{"uv":[0.66667,14.66667,1.33333,15.33333],"texture":"#0"}}},{"from":[2,0,9],"to":[12,1,10],"rotation":{"angle":-22.5,"axis":"z","origin":[0,0,0]},"faces":{"north":{"uv":[1.33333,15.66667,10,16],"texture":"#0"},"east":{"uv":[0.66667,3.33333,1.33333,3.66667],"texture":"#0"},"south":{"uv":[1.33333,0,10,0.66667],"texture":"#0"},"west":{"uv":[0.66667,1,1.33333,1.33333],"texture":"#0"},"up":{"uv":[1.66667,0,5,0.66667],"texture":"#0"},"down":{"uv":[1.33333,0,10,0.66667],"texture":"#0"}}},{"from":[1,1,9],"to":[2,17,10],"rotation":{"angle":-22.5,"axis":"z","origin":[0,0,0]},"faces":{"north":{"uv":[10,0.66667,10.66667,15.33333],"texture":"#0"},"east":{"uv":[0.66667,3.33333,1.33333,8.66667],"texture":"#0"},"south":{"uv":[10,0.66667,10.33333,15.33333],"texture":"#0"},"west":{"uv":[10,0.66667,10.66667,15.33333],"texture":"#0"},"up":{"uv":[1,4.33333,1.33333,5],"texture":"#0"},"down":{"uv":[10.33333,14.66667,10.66667,15.33333],"texture":"#0"}}},{"from":[12,1,9],"to":[13,17,10],"rotation":{"angle":-22.5,"axis":"z","origin":[0,0,0]},"faces":{"north":{"uv":[1,0.66667,1.33333,15.33333],"texture":"#0"},"east":{"uv":[0.66667,0.66667,1.33333,15.33333],"texture":"#0"},"south":{"uv":[1,0.66667,1.33333,15.33333],"texture":"#0"},"west":{"uv":[0.66667,3.66667,1.33333,9],"texture":"#0"},"up":{"uv":[0.66667,1,1,1.66667],"texture":"#0"},"down":{"uv":[1,14.33333,1.33333,15],"texture":"#0"}}},{"from":[2,17,8],"to":[12,18,9],"faces":{"north":{"uv":[1.33333,0,10,0.66667],"texture":"#0"},"east":{"uv":[2,0,2.66667,0.33333],"texture":"#0"},"south":{"uv":[3,15.66667,10,16],"texture":"#0"},"west":{"uv":[8,0.33333,8.66667,0.66667],"texture":"#0"},"up":{"uv":[3,15.33333,10,16],"texture":"#0"},"down":{"uv":[2.33333,0,5.66667,0.66667],"texture":"#0"}}},{"from":[2,17,8],"to":[12,18,9],"faces":{"north":{"uv":[1.33333,0,10,0.66667],"texture":"#0"},"east":{"uv":[2,0,2.66667,0.33333],"texture":"#0"},"south":{"uv":[3,15.66667,10,16],"texture":"#0"},"west":{"uv":[8,0.33333,8.66667,0.66667],"texture":"#0"},"up":{"uv":[3,15.33333,10,16],"texture":"#0"},"down":{"uv":[2.33333,0,5.66667,0.66667],"texture":"#0"}}},{"from":[2,1,8],"to":[12,17,9],"faces":{"north":{"uv":[1.33333,0.66667,10,15.33333],"texture":"#0"},"east":{"uv":[0.66667,14.66667,1.33333,15.33333],"texture":"#0"},"south":{"uv":[10,0.66667,1.33333,15.33333],"texture":"#1"},"west":{"uv":[0.66667,14.66667,1.33333,15.33333],"texture":"#0"},"up":{"uv":[0.66667,14.66667,1.33333,15.33333],"texture":"#0"},"down":{"uv":[0.66667,14.66667,1.33333,15.33333],"texture":"#0"}}},{"from":[2,0,8],"to":[12,1,9],"faces":{"north":{"uv":[1.33333,15.66667,10,16],"texture":"#0"},"east":{"uv":[0.66667,3.33333,1.33333,3.66667],"texture":"#0"},"south":{"uv":[1.33333,0,10,0.66667],"texture":"#0"},"west":{"uv":[0.66667,1,1.33333,1.33333],"texture":"#0"},"up":{"uv":[1.66667,0,5,0.66667],"texture":"#0"},"down":{"uv":[1.33333,0,10,0.66667],"texture":"#0"}}},{"from":[1,1,8],"to":[2,17,9],"faces":{"north":{"uv":[10,0.66667,10.66667,15.33333],"texture":"#0"},"east":{"uv":[0.66667,3.33333,1.33333,8.66667],"texture":"#0"},"south":{"uv":[10,0.66667,10.33333,15.33333],"texture":"#0"},"west":{"uv":[10,0.66667,10.66667,15.33333],"texture":"#0"},"up":{"uv":[1,4.33333,1.33333,5],"texture":"#0"},"down":{"uv":[10.33333,14.66667,10.66667,15.33333],"texture":"#0"}}},{"from":[12,1,8],"to":[13,17,9],"faces":{"north":{"uv":[1,0.66667,1.33333,15.33333],"texture":"#0"},"east":{"uv":[0.66667,0.66667,1.33333,15.33333],"texture":"#0"},"south":{"uv":[1,0.66667,1.33333,15.33333],"texture":"#0"},"west":{"uv":[0.66667,3.66667,1.33333,9],"texture":"#0"},"up":{"uv":[0.66667,1,1,1.66667],"texture":"#0"},"down":{"uv":[1,14.33333,1.33333,15],"texture":"#0"}}},{"from":[2,1,8],"to":[12,17,9],"faces":{"north":{"uv":[1.33333,0.66667,10,15.33333],"texture":"#0"},"east":{"uv":[0.66667,14.66667,1.33333,15.33333],"texture":"#0"},"south":{"uv":[10,0.66667,1.33333,15.33333],"texture":"#1"},"west":{"uv":[0.66667,14.66667,1.33333,15.33333],"texture":"#0"},"up":{"uv":[0.66667,14.66667,1.33333,15.33333],"texture":"#0"},"down":{"uv":[0.66667,14.66667,1.33333,15.33333],"texture":"#0"}}},{"from":[2,0,8],"to":[12,1,9],"faces":{"north":{"uv":[1.33333,15.66667,10,16],"texture":"#0"},"east":{"uv":[0.66667,3.33333,1.33333,3.66667],"texture":"#0"},"south":{"uv":[1.33333,0,10,0.66667],"texture":"#0"},"west":{"uv":[0.66667,1,1.33333,1.33333],"texture":"#0"},"up":{"uv":[1.66667,0,5,0.66667],"texture":"#0"},"down":{"uv":[1.33333,0,10,0.66667],"texture":"#0"}}},{"from":[1,1,8],"to":[2,17,9],"faces":{"north":{"uv":[10,0.66667,10.66667,15.33333],"texture":"#0"},"east":{"uv":[0.66667,3.33333,1.33333,8.66667],"texture":"#0"},"south":{"uv":[10,0.66667,10.33333,15.33333],"texture":"#0"},"west":{"uv":[10,0.66667,10.66667,15.33333],"texture":"#0"},"up":{"uv":[1,4.33333,1.33333,5],"texture":"#0"},"down":{"uv":[10.33333,14.66667,10.66667,15.33333],"texture":"#0"}}},{"from":[12,1,8],"to":[13,17,9],"faces":{"north":{"uv":[1,0.66667,1.33333,15.33333],"texture":"#0"},"east":{"uv":[0.66667,0.66667,1.33333,15.33333],"texture":"#0"},"south":{"uv":[1,0.66667,1.33333,15.33333],"texture":"#0"},"west":{"uv":[0.66667,3.66667,1.33333,9],"texture":"#0"},"up":{"uv":[0.66667,1,1,1.66667],"texture":"#0"},"down":{"uv":[1,14.33333,1.33333,15],"texture":"#0"}}}],"display":{"thirdperson_righthand":{"rotation":[170,0,-145],"translation":[2.25,2.5,1],"scale":[0.4,0.4,0.4]},"thirdperson_lefthand":{"rotation":[170,0,133],"translation":[-3,2.5,1],"scale":[0.4,0.4,0.4]},"firstperson_righthand":{"rotation":[0,157,7],"translation":[0,5.5,0],"scale":[0.4,0.4,0.4]},"firstperson_lefthand":{"rotation":[0,158,7],"translation":[0,5.5,0],"scale":[0.4,0.4,0.4]},"ground":{"rotation":[-90,-3,3],"translation":[0,-2.5,0],"scale":[0.8,0.8,0.8]},"gui":{"rotation":[-13,-38,-22],"translation":[-1,0.5,0],"scale":[0.8,0.8,0.8]},"head":{"rotation":[90,0,0],"translation":[-2.75,7.5,0]},"fixed":{"rotation":[180,0,41],"translation":[-3,0,0]}},"groups":[{"name":"group","origin":[8,8,8],"color":0,"children":[0,1,2,3,4]},{"name":"group","origin":[8,8,8],"color":0,"children":[5,6,7,8,9]},{"name":"group","origin":[8,8,8],"color":0,"children":[10,{"name":"group","origin":[8,8,8],"color":0,"children":[11,12,13,14,15]},16,17,18,19]}]}