{
    "providers": [
        {
            "type": "bitmap",
            "file": "minecraft:font/pause-menu.png",
            "height": 50,
            "ascent": 25,
            "chars": ["\u0124"]
        },
        {
            "type": "bitmap",
            "file": "minecraft:font/world-tab.png",
            "height": 30,
            "ascent": 1,
            "chars": ["\u0125"]
        },
        {
            "type": "bitmap",
            "file": "minecraft:font/nether-tab.png",
            "height": 30,
            "ascent": 1,
            "chars": ["\u0126"]
        },
        {
            "type": "bitmap",
            "file": "minecraft:font/the_end-tab.png",
            "height": 30,
            "ascent": 1,
            "chars": ["\u0127"]
        },
        {
            "type": "bitmap",
            "file": "minecraft:font/diamond2.png",
            "height": 8,
            "ascent": 7,
            "chars": ["\u2726"]
        }
    ]
}