{"credit":"Made with Blockbench","texture_size":[48,48],"textures":{"0":"./s_3","1":"./card","particle":"./s_3"},"elements":[{"from":[2,1,8],"to":[12,17,9],"faces":{"north":{"uv":[1.33333,0.66667,10,15.33333],"texture":"#0"},"east":{"uv":[0.66667,14.66667,1.33333,15.33333],"texture":"#0"},"south":{"uv":[10,0.66667,1.33333,15.33333],"texture":"#1"},"west":{"uv":[0.66667,14.66667,1.33333,15.33333],"texture":"#0"},"up":{"uv":[0.66667,14.66667,1.33333,15.33333],"texture":"#0"},"down":{"uv":[0.66667,14.66667,1.33333,15.33333],"texture":"#0"}}},{"from":[2,0,8],"to":[12,1,9],"faces":{"north":{"uv":[1.33333,15.66667,10,16],"texture":"#0"},"east":{"uv":[0.66667,3.33333,1.33333,3.66667],"texture":"#0"},"south":{"uv":[1.33333,0,10,0.66667],"texture":"#0"},"west":{"uv":[0.66667,1,1.33333,1.33333],"texture":"#0"},"up":{"uv":[1.66667,0,5,0.66667],"texture":"#0"},"down":{"uv":[1.33333,0,10,0.66667],"texture":"#0"}}},{"from":[1,1,8],"to":[2,17,9],"faces":{"north":{"uv":[10,0.66667,10.66667,15.33333],"texture":"#0"},"east":{"uv":[0.66667,3.33333,1.33333,8.66667],"texture":"#0"},"south":{"uv":[10,0.66667,10.33333,15.33333],"texture":"#0"},"west":{"uv":[10,0.66667,10.66667,15.33333],"texture":"#0"},"up":{"uv":[1,4.33333,1.33333,5],"texture":"#0"},"down":{"uv":[10.33333,14.66667,10.66667,15.33333],"texture":"#0"}}},{"from":[12,1,8],"to":[13,17,9],"faces":{"north":{"uv":[1,0.66667,1.33333,15.33333],"texture":"#0"},"east":{"uv":[0.66667,0.66667,1.33333,15.33333],"texture":"#0"},"south":{"uv":[1,0.66667,1.33333,15.33333],"texture":"#0"},"west":{"uv":[0.66667,3.66667,1.33333,9],"texture":"#0"},"up":{"uv":[0.66667,1,1,1.66667],"texture":"#0"},"down":{"uv":[1,14.33333,1.33333,15],"texture":"#0"}}},{"from":[2,17,8],"to":[12,18,9],"faces":{"north":{"uv":[1.33333,0,10,0.66667],"texture":"#0"},"east":{"uv":[2,0,2.66667,0.33333],"texture":"#0"},"south":{"uv":[3,15.66667,10,16],"texture":"#0"},"west":{"uv":[8,0.33333,8.66667,0.66667],"texture":"#0"},"up":{"uv":[3,15.33333,10,16],"texture":"#0"},"down":{"uv":[2.33333,0,5.66667,0.66667],"texture":"#0"}}}],"display":{"thirdperson_righthand":{"rotation":[170,0,180],"translation":[0,2.75,1],"scale":[0.41,0.41,0.4]},"thirdperson_lefthand":{"rotation":[170,0,180],"translation":[0,2.75,1],"scale":[0.4,0.4,0.4]},"firstperson_righthand":{"rotation":[-180,22,-180],"translation":[-2,4.8,0],"scale":[0.5,0.5,0.5]},"firstperson_lefthand":{"rotation":[-180,22,180],"translation":[-2,4.8,0],"scale":[0.5,0.5,0.5]},"ground":{"rotation":[-90,-3.03,2.96],"translation":[0,-2.75,0],"scale":[0.8,0.8,0.8]},"gui":{"rotation":[174.23,31.03,-168.91],"translation":[-0.5,-0.75,0],"scale":[0.8,0.8,0.8]},"head":{"translation":[0.75,9,0]},"fixed":{"translation":[0.75,-1,0]}}}